CVS Caremark; info.cvscaremark.com
Lowe's Companies; Read timed out
Best Buy Co., Inc.; Read timed out
Delta Air Lines, Inc.; Server returned HTTP response code: 403 for URL: http://www.delta.com
Arrow Electronics, Inc; Read timed out
The Goodyear Tire & Rubber Company; Server returned HTTP response code: 403 for URL: http://www.goodyear.com
PBF Energy Inc.; www,pbfenergy.com
CarMax, Inc.; Read timed out
URS Corporation; Server returned HTTP response code: 403 for URL: http://www.urs.com
Dean Foods Company; Server returned HTTP response code: 403 for URL: http://www.deanfoods.com
KKR & Co. L.P.; Server returned HTTP response code: 403 for URL: http://www.kkr.com
GameStop Corp.; connect timed out
Sonic Automotive, Inc.; Read timed out
The Pantry, Inc.; connect timed out
Biogen Idec Inc.; connect timed out
PetSmart, Inc.; Server returned HTTP response code: 400 for URL: http://phx.corporate-ir.net/phoenix.zhtml?c=93506&p=irol-homeprofile
O'Reilly Automotive, Inc.; Read timed out
Quanta Services, Inc.; Read timed out
Advance Auto Parts, Inc.; Read timed out
Anixter International Inc.; Read timed out
Expeditors International of Washington, Inc.; Server returned HTTP response code: 403 for URL: http://www.expeditors.com
The J.M. Smucker Company; connect timed out
Susser Holdings Corporation; www.susser.com
Kindred Healthcare, Inc.; Read timed out
Harbinger Group Inc.; Server returned HTTP response code: 403 for URL: http://www.harbingergroupinc.com/
Calumet Specialty Products Partners, L.P.; Server returned HTTP response code: 403 for URL: http://www.calumetspecialty.com
Alaska Air Group, Inc.; Server returned HTTP response code: 403 for URL: http://www.alaskaair.com
McGraw Hill Financial, Inc.; www.mhfi.com
